URL	TITLE	H1	RESPONSE_TIME	LEVEL
https://bestbonusmoney.com/	Best Bonus Money - Online Casino & Betting Reviews	Rating of the Best Online Casinos 2020	0.67	1
https://bestbonusmoney.com/reviews/500-rublejj-bezdepa-ot-sloty-kazino/	Sloty Casino gives a no-brainer bonus of 500 euros	Sloty Casino	0.41	2
https://bestbonusmoney.com/reviews/pokerstars-casino/	PokerStars Casino Bonuses - For Player Excitement	PokerStars Casino - the leader of no deposit sites	0.46	2
https://bestbonusmoney.com/reviews/jackpot-city/	Jackpot City no deposit bonus 333 euros	Jackpot City Casino Sign Up Bonus	0.4	2
https://bestbonusmoney.com/reviews/slottica/	Slottica Casino & Betting Review	Slottica Casino Review	0.41	2
https://bestbonusmoney.com/reviews/genesis-casino/	Genesis Casino - official site of Genesis Casino	Genesis Casino - no deposit bonus	0.42	2
https://bestbonusmoney.com/reviews/spinia/	Spinia casino bonuses without deposit and registration	Spinia Casino official website review	0.4	2
https://bestbonusmoney.com/reviews/split-aces-casino/	Split Aces Casino Casino with No Deposit Bonus	Casino Split Aces Casino no deposit bonuses	0.41	2
https://bestbonusmoney.com/reviews/goodwin/	Goodwin Casino no deposit bonus for registering Goodwin	Casino Goodwin - official casino site	0.48	2
https://bestbonusmoney.com/reviews/spinson/	Spinson Bezdep Casino Bonus	Spinson no deposit casino bonus	0.46	2
https://bestbonusmoney.com/reviews/gametwist/	GameTwist casino - official site with a bonus	GameTwist: an overview of gaming software, bonuses and support	0.44	2
https://bestbonusmoney.com/reviews/spinamba/	Spinamba Casino Bezdep Bonus 555 Euros per registration	Spinamba no deposit sign up bonuses	0.39	2
https://bestbonusmoney.com/reviews/malina/	Malina casino bonuses without deposit and registration	Malina Casino bonuses to all players for registration	0.38	2
https://bestbonusmoney.com/reviews/nomini/	Nomini casino bonus 1000 EUR for registration	Nomini Casino - a unique format of bonuses and online leisure!	0.41	2
https://bestbonusmoney.com/reviews/bet-at-home/	Bet-at-home - new casino bonuses of 2018	Bet-at-home - the new casino gives bonuses and gifts	0.4	2
https://bestbonusmoney.com/reviews/casinojoy/	CasinoJoy bonus code - play roulette online	CasinoJoy Registration Bonus	0.43	2
https://bestbonusmoney.com/reviews/22bet/	22Bet Bezdep Casino Bonus 2018	22Bet Casino gives a bonus to a new player	0.4	2
https://bestbonusmoney.com/reviews/kazino-videoslots/	Video Slots casino - player no deposit bonus	VideoSlots casino with great bonuses	0.47	2
https://bestbonusmoney.com/reviews/spin-up/	Spin Up club bonuses without deposit with withdrawal	Spin Up No Deposit Bonus	0.42	2
https://bestbonusmoney.com/reviews/energy-casino/	Energy Casino & Betting Review	Energy Casino Review	0.4	2
https://bestbonusmoney.com/reviews/7bitcasino/	Bonuses 7bitCasino play slot machines	7bitCasino slot machines with a bonus	0.41	2
https://bestbonusmoney.com/reviews/casino-zet/	Zet casino no deposit bonus for new gamblers	Zet Casino - official website review	0.4	2
https://bestbonusmoney.com/reviews/hotline/	Hotline Casino No Deposit Bonus to All New Casino Players	Review of online casino Hotline	0.41	2
https://bestbonusmoney.com/reviews/lucky-bird/	Lucky Bird Casino & Betting Review	Lucky Bird Review	0.39	2
https://bestbonusmoney.com/reviews/campobet/	Campobet casino bonus with registration with a withdrawal	Campobet casino - bonuses for new players	0.41	2
https://bestbonusmoney.com/reviews/super-cat/	Super Cat Casino Sign Up Bonuses	Super Cat Official Website Review	0.4	2
https://bestbonusmoney.com/reviews/royalspinz/	Royalspinz no deposit sign up bonuses	Royalspinz no deposit bonuses for new players without deposit	0.4	2
https://bestbonusmoney.com/reviews/spin-palace/	Spin Palace casino registration bonuses	Spin Palace Casino gives out gifts and bonuses	0.4	2
https://bestbonusmoney.com/reviews/twin/	Twin casino bonuses: promotional codes, coupons, bonus code	Twin Casino - official site with bonuses	0.39	2
https://bestbonusmoney.com/reviews/fastpay/	Fastpay Casino: no deposit bonus for registering Fastpay	Casino Fastpay bonuses and promotional codes of the official site	0.39	2
https://bestbonusmoney.com/reviews/all-right/	All Right Casino & Betting Review	All Right Review	0.42	2
https://bestbonusmoney.com/reviews/ilucki-casino/	iLUCKI - Bitcoin Casino	New bitcoin casino iLUCKI casino	0.41	2
https://bestbonusmoney.com/reviews/kajot-casino/	Kajot Casino casino - official site bonuses	Kajot Casino casino: review of online club special offers	0.4	2
https://bestbonusmoney.com/reviews/gunsbet/	GansBet Casino: GunsBet Official Website	GunsBet online casino: conditions for regular players	0.41	2
https://bestbonusmoney.com/reviews/euro-palace/	Euro Palace online casino deposit bonuses	Euro Palace Casino - register and receive gifts	0.42	2
https://bestbonusmoney.com/reviews/cadoola-casino/	Bonuses Cadoola Casino - casino gives out no-deposit	Cadoola Casino Review	0.4	2
https://bestbonusmoney.com/reviews/maneki-casino/	Maneki Casino: official site, bonuses, entry	Official site Maneki Casino - registration and entry into the game	0.42	2
https://bestbonusmoney.com/reviews/spela/	Spela no deposit casino bonuses with withdrawal	Spela online casino bonuses	0.4	2
https://bestbonusmoney.com/reviews/joycasino/	Joycasino - casino no deposit bonus	Official site and bonuses casino Joycasino	0.4	2
https://bestbonusmoney.com/reviews/slotum/	Slotum casino - official site of Slotum casino online	Online Casino Slotum	0.4	2
https://bestbonusmoney.com/reviews/casino-888/	Casino 888 Online - Review of the 888 Casino official website	Casino 888 review: millions of players choose this club	0.39	2
https://bestbonusmoney.com/reviews/total-casino/	Total Casino Review	Total Casino Review	0.4	2
https://bestbonusmoney.com/reviews/yoyo-casino/	Yo-Yo casino - official review site with a bonus	YoYo Casino review: what bonuses await newcomers after registration	0.4	2
https://bestbonusmoney.com/reviews/bitstarz/	Casino Bitstarz registration and deposit bonus	Bitstarz casino with big bonuses	0.42	2
https://bestbonusmoney.com/reviews/royal-panda/	Royal Panda - casino registration bonuses	Royal Panda - official casino site	0.42	2
https://bestbonusmoney.com/reviews/mr-green/	Official website of Mr. Green with bonuses and a gift	Review of Mr.Green online casino	0.4	2
https://bestbonusmoney.com/reviews/underground/	Underground Casino - review, bonuses, official site	Casino Underground	0.39	2
https://bestbonusmoney.com/reviews/intercasino/	InterCasino bonuses without deposit in the online room	InterCasino Casino Review	0.38	2
https://bestbonusmoney.com/reviews/leo-vegas/	Leo Vegas casino registration bonuses with withdrawal	Leo Vegas casino withdraw bonuses	0.4	2
https://bestbonusmoney.com/reviews/pokerdom/	Pokerdom casino no deposit sign up bonus	Pokerdom Casino Casino Bonuses	0.4	2
https://bestbonusmoney.com/reviews/unibet-casino/	Unibet casino - bonuses and gifts of the gaming hall	Unibet casino free spins for registration	0.38	2
https://bestbonusmoney.com/reviews/alf-casino/	Alf casino - no deposit bonuses on the official website	Alf Casino mirror and bonuses on the official website	0.4	2
https://bestbonusmoney.com/reviews/booi/	Online casino Booig gives bonuses of 1000 euros for registration	Casino Booi - the best modern online club with bonuses!	0.43	2
