URL	IMG
http://stardevine.com/	Not found
http://stardevine.com/page/8/	Not found
http://stardevine.com/polskie-porno-aktrisy/	Not found
http://stardevine.com/page/29/	Not found
http://stardevine.com/brazilskie-porno-aktrisy/	Not found
http://stardevine.com/571-danielle-sharp.html	Not found
http://stardevine.com/page/3/	Not found
http://stardevine.com/574-elle-matthews.html	Not found
http://stardevine.com/amerikanskie-porno-aktrisy/	Not found
http://stardevine.com/transy/	Not found
http://stardevine.com/ryzhie-porno-aktrisy/	Not found
